chapter_id,chapter_name,section_id,section_name,req_id,req_description,level1,level2,level3,cwe,nist
V1,"アーキテクチャ、設計、脅威モデリング",V1.1,セキュアソフトウェア開発ライフサイクル,V1.1.1,開発すべての段階でセキュリティに対処するセキュアソフトウェア開発ライフサイクルを用いている。 ([C1](https://owasp.org/www-project-proactive-controls/#div-numbering)),,✓,✓,,
V1,"アーキテクチャ、設計、脅威モデリング",V1.1,セキュアソフトウェア開発ライフサイクル,V1.1.2,"脅威を特定し、対策を計画し、適切なリスク対応を促進し、セキュリティテストを進めるため、すべての設計変更またはスプリントプランニングに対して脅威モデリングを用いている。",,✓,✓,1053,
V1,"アーキテクチャ、設計、脅威モデリング",V1.1,セキュアソフトウェア開発ライフサイクル,V1.1.3,"すべてのユーザストーリーおよび機能に、「ユーザが自分のプロファイルを閲覧および編集できるようにする。他のユーザのプロファイルを閲覧または編集できてはいけない」などの機能上のセキュリティ制約が含まれる。",,✓,✓,1110,
V1,"アーキテクチャ、設計、脅威モデリング",V1.1,セキュアソフトウェア開発ライフサイクル,V1.1.4,"アプリケーションのすべての信頼境界線、コンポーネント、および重要なデータフローのドキュメントと正当性がある。",,✓,✓,1059,
V1,"アーキテクチャ、設計、脅威モデリング",V1.1,セキュアソフトウェア開発ライフサイクル,V1.1.5,アプリケーションの高レベルアーキテクチャ、および接続されるすべてのリモートサービスの定義とセキュリティ分析がなされている。 ([C1](https://owasp.org/www-project-proactive-controls/#div-numbering)),,✓,✓,1059,
V1,"アーキテクチャ、設計、脅威モデリング",V1.1,セキュアソフトウェア開発ライフサイクル,V1.1.6,"重複や欠落がある、非効果的な、もしくはセキュアでない管理策を回避するために、集中管理され、簡潔 (経済的設計) で、徹底調査され、セキュアで、再利用可能なセキュリティ管理策が実装されている。 ([C10](https://owasp.org/www-project-proactive-controls/#div-numbering))",,✓,✓,637,
V1,"アーキテクチャ、設計、脅威モデリング",V1.1,セキュアソフトウェア開発ライフサイクル,V1.1.7,"セキュアコーディングチェックリスト、セキュリティ要件、ガイドラインまたはポリシーを、すべての開発者およびテスト担当者が利用できる。",,✓,✓,637,
V1,"アーキテクチャ、設計、脅威モデリング",V1.2,認証アーキテクチャ,V1.2.1,"すべてのアプリケーションコンポーネント、サービスおよびサーバに対して一意の、または特別な低特権の OS アカウントが使用されている。 ([C3](https://owasp.org/www-project-proactive-controls/#div-numbering))",,✓,✓,250,
V1,"アーキテクチャ、設計、脅威モデリング",V1.2,認証アーキテクチャ,V1.2.2,"API、ミドルウェア、データ層などのアプリケーションコンポーネント間の通信が認証されている。 コンポーネントには必要最小限の権限が設定されている。 ([C3](https://owasp.org/www-project-proactive-controls/#div-numbering))",,✓,✓,306,
V1,"アーキテクチャ、設計、脅威モデリング",V1.2,認証アーキテクチャ,V1.2.3,"セキュアであることが知られており、強力な認証を含むよう拡張できる単一で徹底調査された認証機構をアプリケーションが使用していること、アカウントの悪用や侵害を検出するのに十分なログ記録と監視をアプリケーション実装している。",,✓,✓,306,
V1,"アーキテクチャ、設計、脅威モデリング",V1.2,認証アーキテクチャ,V1.2.4,"アプリケーションのリスクごとに、弱い代替の認証が存在しないように、すべての認証経路と ID 管理 API が一貫した認証セキュリティ制御強度を実装している。",,✓,✓,306,
V1,"アーキテクチャ、設計、脅威モデリング",V1.4,アクセス制御アーキテクチャ,V1.4.1,"アクセス制御ゲートウェイ、サーバ、サーバレス機能などの信頼できる強制ポイントでアクセス制御が実施されている。クライアント上でアクセス制御を実施してはなりません。",,✓,✓,602,
V1,"アーキテクチャ、設計、脅威モデリング",V1.4,アクセス制御アーキテクチャ,V1.4.2,"[削除, 対処不要]",,,,,
V1,"アーキテクチャ、設計、脅威モデリング",V1.4,アクセス制御アーキテクチャ,V1.4.3,"[削除, 4.1.3 と重複]",,,,,
V1,"アーキテクチャ、設計、脅威モデリング",V1.4,アクセス制御アーキテクチャ,V1.4.4,保護されたデータやリソースにアクセスするために、アプリケーションが 1 つの十分に検証されたアクセス制御機構を使用している。コピー&ペーストまたは安全でない代替パスを回避するため、すべてのリクエストがこの単一の機構をパスする必要があります。 ([C7](https://owasp.org/www-project-proactive-controls/#div-numbering)),,✓,✓,284,
V1,"アーキテクチャ、設計、脅威モデリング",V1.4,アクセス制御アーキテクチャ,V1.4.5,属性または機能ベースのアクセス制御が使用されており、コードは単にユーザのロールではなくむしろ、機能/データ項目に対するユーザの権限を確認します。それでも、権限はロールを利用して割り当てる必要があります。 ([C7](https://owasp.org/www-project-proactive-controls/#div-numbering)),,✓,✓,275,
V1,"アーキテクチャ、設計、脅威モデリング",V1.5,入力および出力アーキテクチャ,V1.5.1,"入出力要件が、データの種類や内容および適用法、規制、その他のポリシー準拠に基づいて、取り扱い手順を明確に定義している。",,✓,✓,1029,
V1,"アーキテクチャ、設計、脅威モデリング",V1.5,入力および出力アーキテクチャ,V1.5.2,"信頼できないクライアントと通信するときにシリアライゼーションが使用されていない。これが不可能な場合は、オブジェクトインジェクションを含むデシリアライゼーション攻撃を防ぐために、適切な完全性制御（および機密データが送信される場合はできる限り暗号化）を実施する。",,✓,✓,502,
V1,"アーキテクチャ、設計、脅威モデリング",V1.5,入力および出力アーキテクチャ,V1.5.3,信頼できるサービスレイヤで入力の妥当性確認が実施されている。 ([C5](https://owasp.org/www-project-proactive-controls/#div-numbering)),,✓,✓,602,
V1,"アーキテクチャ、設計、脅威モデリング",V1.5,入力および出力アーキテクチャ,V1.5.4,アウトプットエンコーディングが意図されているインタプリタもしくはその近くで生成される。 ([C4](https://owasp.org/www-project-proactive-controls/#div-numbering)),,✓,✓,116,
V1,"アーキテクチャ、設計、脅威モデリング",V1.6,暗号アーキテクチャ,V1.6.1,暗号鍵の管理に関する明示的なポリシーがあり、暗号鍵のライフサイクルが NIST SP 800-57 などの鍵管理標準に従っている。,,✓,✓,320,
V1,"アーキテクチャ、設計、脅威モデリング",V1.6,暗号アーキテクチャ,V1.6.2,暗号化サービスの利用者が、Key Vault または API ベースの代替手段を使用して、キーマテリアルおよびその他の秘密情報を保護している。,,✓,✓,320,
V1,"アーキテクチャ、設計、脅威モデリング",V1.6,暗号アーキテクチャ,V1.6.3,すべての鍵とパスワードが置き換え可能であり、機密データを再暗号化するため明確に定義されたプロセスの一部となっている。,,✓,✓,320,
V1,"アーキテクチャ、設計、脅威モデリング",V1.6,暗号アーキテクチャ,V1.6.4,"アーキテクチャが対称鍵、パスワード、API トークンなどのクライアントサイドの秘密情報を安全でないものとして扱い、機密データの保護やアクセスにそれらを使用していない。",,✓,✓,320,
V1,"アーキテクチャ、設計、脅威モデリング",V1.7,"エラー、ロギング、監査アーキテクチャ",V1.7.1,システム全体で共通のログ形式とアプローチが使用されている。 ([C9](https://owasp.org/www-project-proactive-controls/#div-numbering)),,✓,✓,1009,
V1,"アーキテクチャ、設計、脅威モデリング",V1.7,"エラー、ロギング、監査アーキテクチャ",V1.7.2,"分析、検出、警告、およびエスカレーションのために、できればリモートシステムにログがセキュアに送信されている。 ([C9](https://owasp.org/www-project-proactive-controls/#div-numbering))",,✓,✓,,
V1,"アーキテクチャ、設計、脅威モデリング",V1.8,データ保護とプライバシーアーキテクチャ,V1.8.1,すべての機密データが識別され、保護レベルごとに分類されている。,,✓,✓,,
V1,"アーキテクチャ、設計、脅威モデリング",V1.8,データ保護とプライバシーアーキテクチャ,V1.8.2,"暗号化要件、完全性要件、保存期間、プライバシー、その他の機密保持要件などの関連する保護要件一式がすべての保護レベルにあり、それらがアーキテクチャに適用されている。",,✓,✓,,
V1,"アーキテクチャ、設計、脅威モデリング",V1.9,通信アーキテクチャ,V1.9.1,"特にコンポーネントが異なるコンテナ、システム、サイトまたはクラウドプロバイダにある場合は、アプリケーションがコンポーネント間の通信を暗号化している。 ([C3](https://owasp.org/www-project-proactive-controls/#div-numbering))",,✓,✓,319,
V1,"アーキテクチャ、設計、脅威モデリング",V1.9,通信アーキテクチャ,V1.9.2,"中間者攻撃を防ぐために、アプリケーションコンポーネントが通信リンクの両側の信頼性を検証している。例えば、アプリケーションコンポーネントは TLS 証明書とチェーンを検証する必要があります。",,✓,✓,295,
V1,"アーキテクチャ、設計、脅威モデリング",V1.10,悪意あるソフトウェアのアーキテクチャ,V1.10.1,"チェックインが、イシューや変更チケットによることを保証するため、手続きを定めてソースコード管理システムが利用されている。ソースコード管理システムは、アクセス制御と識別可能なユーザのみ登録され、どんな変更もトレースできるようにする必要がある。",,✓,✓,284,
V1,"アーキテクチャ、設計、脅威モデリング",V1.11,ビジネスロジックアーキテクチャ,V1.11.1,提供するビジネスまたはセキュリティ機能の観点で、すべてのアプリケーションコンポーネントの定義と文書化がされている。,,✓,✓,1059,
V1,"アーキテクチャ、設計、脅威モデリング",V1.11,ビジネスロジックアーキテクチャ,V1.11.2,"認証、セッション管理、アクセス制御を含むすべての重要なビジネスロジックフローが非同期状態で共有しない。",,✓,✓,362,
V1,"アーキテクチャ、設計、脅威モデリング",V1.11,ビジネスロジックアーキテクチャ,V1.11.3,"認証、セッション管理、アクセス制御などを含む重要度の高いすべてのビジネスロジックフローがスレッドセーフであり、チェック時間と使用時間（TOCTOU）の競合状態に対して耐性がある。",,,✓,367,
V1,"アーキテクチャ、設計、脅威モデリング",V1.12,セキュアファイルアップロードアーキテクチャ,V1.12.1,"[削除, 12.4.1 と重複]",,,,,
V1,"アーキテクチャ、設計、脅威モデリング",V1.12,セキュアファイルアップロードアーキテクチャ,V1.12.2,"ユーザがアップロードしたファイル（表示またはアプリケーションからダウンロードする必要がある場合）が、オクテットストリームによるダウンロード、またはクラウドファイルストレージバケットなどの無関係なドメインからダウンロードされる。XSS ベクターまたはアップロードされたファイルによる他の攻撃リスクを軽減するため、適切なコンテンツセキュリティポリシー（Content Security Policy, CSP）が実装されている。",,✓,✓,646,
V1,"アーキテクチャ、設計、脅威モデリング",V1.14,コンフィギュレーションアーキテクチャ,V1.14.1,"すべてのアプリケーションコンポーネント、サービス、サーバに対して、一意または特別な低権限のオペレーティングシステムアカウントが使用されている。",,✓,✓,923,
V1,"アーキテクチャ、設計、脅威モデリング",V1.14,コンフィギュレーションアーキテクチャ,V1.14.2,"リモートデバイスにバイナリを展開するために、バイナリ署名、信頼できる接続および検証済みのエンドポイントを使用する。",,✓,✓,494,
V1,"アーキテクチャ、設計、脅威モデリング",V1.14,コンフィギュレーションアーキテクチャ,V1.14.3,ビルドパイプラインが、古いまたはセキュアでないコンポーネントについて警告し、かつ適切な措置が取られる。,,✓,✓,1104,
V1,"アーキテクチャ、設計、脅威モデリング",V1.14,コンフィギュレーションアーキテクチャ,V1.14.4,"特にクラウド環境のビルドスクリプトなどアプリケーションインフラストラクチャがソフトウェアで定義されている場合、ビルドパイプラインにアプリケーションの安全なデプロイを自動的に構成および検証するビルドステップが含まれている。",,✓,✓,,
V1,"アーキテクチャ、設計、脅威モデリング",V1.14,コンフィギュレーションアーキテクチャ,V1.14.5,"特に機密性が高い、またはデシリアライゼーションなど危険な動作を実行している場合は、攻撃者が他のアプリケーションを攻撃するのを遅らせたり阻止したりするために、アプリケーションのデプロイがネットワークレベルで適切にサンドボックス化、コンテナ化および/または隔離されている。 ([C5](https://owasp.org/www-project-proactive-controls/#div-numbering))",,✓,✓,265,
V1,"アーキテクチャ、設計、脅威モデリング",V1.14,コンフィギュレーションアーキテクチャ,V1.14.6,"NSAPI プラグイン、Flash、Shockwave、ActiveX、Silverlight、NACL、またはクライアントサイドの Java アプレットなど、サポートがされておらずセキュアでない、または非推奨のクライアント側技術をアプリケーションが使用していない。",,✓,✓,477,
V2,認証,V2.1,パスワードセキュリティ,V2.1.1,ユーザが設定するパスワードは、(複数の空白が結合された後) 最低 12 文字となっている。 ([C6](https://owasp.org/www-project-proactive-controls/#div-numbering)),✓,✓,✓,521,5.1.1.2
V2,認証,V2.1,パスワードセキュリティ,V2.1.2,"64 文字以上のパスワードが許可されている、および 128 文字を超えるパスワードが拒否されている。 ([C6](https://owasp.org/www-project-proactive-controls/#div-numbering))",✓,✓,✓,521,5.1.1.2
V2,認証,V2.1,パスワードセキュリティ,V2.1.3,"パスワード切り捨てが行われない。ただし、連続した複数のスペースは単一のスペースに置き換えることができる。 ([C6](https://owasp.org/www-project-proactive-controls/#div-numbering))",✓,✓,✓,521,5.1.1.2
V2,認証,V2.1,パスワードセキュリティ,V2.1.4,"スペースや絵文字などの言語ニュートラルな文字を含む、印字可能な Unicode 文字がパスワードに使用できる。",✓,✓,✓,521,5.1.1.2
V2,認証,V2.1,パスワードセキュリティ,V2.1.5,ユーザは自身のパスワードを変更できる。,✓,✓,✓,620,5.1.1.2
V2,認証,V2.1,パスワードセキュリティ,V2.1.6,パスワード変更機能には、ユーザの現在のパスワードと新しいパスワードが必要とされる。,✓,✓,✓,620,5.1.1.2
V2,認証,V2.1,パスワードセキュリティ,V2.1.7,"アカウント登録、ログインおよびパスワード変更中に送信されるパスワードが、ローカル（システムのパスワードポリシーに一致する上位 1,000 または 10,000 個の最も一般的なパスワードなど）または外部 API を使用して、侵害されたパスワードと照合される。 API を使用する場合は、平文のパスワードが送信されたりパスワードの侵害状況を確認する際に使用されたりしないように、ゼロ知識証明またはその他の仕組みを使用する必要があります。 パスワードが侵害された場合、アプリケーションはユーザに新しい侵害されていないパスワードの設定を要求する必要があります。 ([C6](https://owasp.org/www-project-proactive-controls/#div-numbering))",✓,✓,✓,521,5.1.1.2
V2,認証,V2.1,パスワードセキュリティ,V2.1.8,ユーザがより強力なパスワードを設定できるように、パスワード強度メータが用意されている。,✓,✓,✓,521,5.1.1.2
V2,認証,V2.1,パスワードセキュリティ,V2.1.9,使用可能な文字の種類を制限するパスワード規則がない。大文字、小文字、数字、特殊文字を要求する必要はない。 ([C6](https://owasp.org/www-project-proactive-controls/#div-numbering)),✓,✓,✓,521,5.1.1.2
V2,認証,V2.1,パスワードセキュリティ,V2.1.10,定期的なクレデンシャル変更またはパスワード履歴に関する要件がない。,✓,✓,✓,263,5.1.1.2
V2,認証,V2.1,パスワードセキュリティ,V2.1.11,"パスワード入力に対して、ペースト、ブラウザのパスワードヘルパー、および外部パスワードマネージャが使用できる。",✓,✓,✓,521,5.1.1.2
V2,認証,V2.1,パスワードセキュリティ,V2.1.12,"ユーザがマスクされたパスワード全体を一時的に表示するか、またはビルトイン機能としてこれを備えていないプラットフォームではパスワードの最後に入力した文字を一時的に表示するかを選択できる。",✓,✓,✓,521,5.1.1.2
V2,認証,V2.2,一般的なオーセンティケータのセキュリティ,V2.2.1,"耐自動化コントロールが流出したクレデンシャルテスト攻撃、ブルートフォース攻撃、およびアカウントロックアウト攻撃の軽減に効果的となっている。このようなコントロールには最も一般的な流出パスワードのブロック、ソフトロックアウト、レート制限、CAPTCHA、試行間の遅延増加、IP アドレスの制限、または場所、デバイスへの最初のログイン、アカウントロック解除の最近の試行などのリスクベースの制限があります。一つのアカウントで一時間あたり 100 回以上の試行失敗が可能ではない。",✓,✓,✓,307,5.2.2 / 5.1.1.2 / 5.1.4.2 / 5.1.5.2
V2,認証,V2.2,一般的なオーセンティケータのセキュリティ,V2.2.2,"弱いオーセンティケータ (SMS や電子メールなど) の使用がよりセキュアな認証方式の代わりとしてではなく、二次検証とトランザクション承認に限定されている。より強い方式が弱い方式の前に提示されていること、ユーザがリスクを承知していること、またはアカウント侵害のリスクを制限するために適切な対策が講じられている。",✓,✓,✓,304,5.2.10
V2,認証,V2.2,一般的なオーセンティケータのセキュリティ,V2.2.3,"クレデンシャルのリセット、電子メールやアドレスの変更、不明な場所や危険な場所からのログインなどの認証詳細の更新後に、セキュアな通知がユーザに送信される。SMS や電子メールではなく、プッシュ通知の使用が推奨されますが、プッシュ通知がない場合、通知に機密情報が開示されていない限り SMS や電子メールは受け入れられます。",✓,✓,✓,620,
V2,認証,V2.2,一般的なオーセンティケータのセキュリティ,V2.2.4,"多要素認証、目的別暗号化デバイス (プッシュして認証する接続キーなど) 、またはより高い AAL レベルのクライアント側証明書の使用など、フィッシングに対するなりすまし耐性がある。",,,✓,308,5.2.5
V2,認証,V2.2,一般的なオーセンティケータのセキュリティ,V2.2.5,"クレデンシャルプロバイダ (Credential Service Provider, CSP) と認証を検証するアプリケーションが分離されている場合、2 つのエンドポイント間で相互に認証された TLS が設定されている。",,,✓,319,5.2.6
V2,認証,V2.2,一般的なオーセンティケータのセキュリティ,V2.2.6,"ワンタイムパスワード (One-time Password, OTP) デバイス、暗号化オーセンティケータ、またはルックアップコードを強制的に使用して、リプレイ耐性をつける。",,,✓,308,5.2.8
V2,認証,V2.2,一般的なオーセンティケータのセキュリティ,V2.2.7,OTP トークンの入力や、FIDO ハードウェアキーのボタンを押すなどのユーザ始動のアクションを要求することにより、認証の意思を検証する。,,,✓,308,5.2.9
V2,認証,V2.3,オーセンティケータライフサイクル,V2.3.1,"システムが生成した初期パスワードまたはアクティベーションコードは、セキュアでランダムに生成されており、6 文字以上であり、文字と数字を含むことができ、短期間で有効期限が切れる。これらの初期の秘密情報が長期間有効なパスワードになることを許可してはいけない。",✓,✓,✓,330,5.1.1.2 / A.3
V2,認証,V2.3,オーセンティケータライフサイクル,V2.3.2,"U2F や FIDO トークンなど、ユーザが提供する認証デバイスの登録と使用がサポートされている。",,✓,✓,308,6.1.3
V2,認証,V2.3,オーセンティケータライフサイクル,V2.3.3,期限付きのオーセンティケータを更新するとき、十分な時間をとって更新指示が送信される。,,✓,✓,287,6.1.4
V2,認証,V2.4,クレデンシャルの保管,V2.4.1,"パスワードがオフライン攻撃に強い形式で保存されている。承認済みの一方向鍵生成またはパスワードハッシュ関数を使用して、パスワードをソルト化およびハッシュ化しなければなりません。 鍵生成およびパスワードハッシュ関数は、パスワードハッシュを生成するときに入力として、パスワード、ソルト、およびコストファクターを受け取ります。 ([C6](https://owasp.org/www-project-proactive-controls/#div-numbering))",,✓,✓,916,5.1.1.2
V2,認証,V2.4,クレデンシャルの保管,V2.4.2,"ソルトの長さが少なくとも 32 ビットであり、保存されているハッシュ間のソルト値の衝突を最小限に抑えるために任意に選択されている。クレデンシャルごとに、固有のソルト値とその結果のハッシュを保管しなければなりません。 ([C6](https://owasp.org/www-project-proactive-controls/#div-numbering))",,✓,✓,916,5.1.1.2
V2,認証,V2.4,クレデンシャルの保管,V2.4.3,"PBKDF2 が使用されている場合、反復回数は検証サーバの性能が許す限り大きくすべきであり、通常少なくとも 100,000 回イテレーションする。 ([C6](https://owasp.org/www-project-proactive-controls/#div-numbering))",,✓,✓,916,5.1.1.2
V2,認証,V2.4,クレデンシャルの保管,V2.4.4,"bcrypt が使用されている場合、ワークファクターは検証サーバの性能が許す限り大きくする必要があり、10 以上とする。 ([C6](https://owasp.org/www-project-proactive-controls/#div-numbering))",,✓,✓,916,5.1.1.2
V2,認証,V2.4,クレデンシャルの保管,V2.4.5,"秘密であり検証者のみが知っているソルト値を使用して、鍵生成関数の追加のイテレーションが実行される。承認された乱数ビット生成器 [SP 800-90Ar1] を使用してソルト値を生成し、少なくとも SP 800-131A の最新リビジョンで指定されている最小セキュリティ強度を提供します。秘密のソルト値はハッシュされたパスワードとは別に (例えば、ハードウェアセキュリティモジュールのような専用デバイスに) 保存すべきです。",,✓,✓,916,5.1.1.2
V2,認証,V2.5,クレデンシャルリカバリ,V2.5.1,システムによって生成された初期アクティベーションまたはリカバリ用の秘密情報がユーザに送信されている場合、それはシングルユースで、時間制限があり、ランダムである。 ([C6](https://owasp.org/www-project-proactive-controls/#div-numbering)),✓,✓,✓,640,5.1.1.2
V2,認証,V2.5,クレデンシャルリカバリ,V2.5.2,"パスワードのヒントや知識ベースの認証（いわゆる「秘密の質問」）が存在しない。",✓,✓,✓,640,5.1.1.2
V2,認証,V2.5,クレデンシャルリカバリ,V2.5.3,パスワードクレデンシャルのリカバリによって現在のパスワードが明らかにならない。 ([C6](https://owasp.org/www-project-proactive-controls/#div-numbering)),✓,✓,✓,640,5.1.1.2
V2,認証,V2.5,クレデンシャルリカバリ,V2.5.4,"共有アカウントまたはデフォルトアカウントが存在しない（例えば ""root"", ""admin"", ""sa""）。",✓,✓,✓,16,5.1.1.2 / A.3
V2,認証,V2.5,クレデンシャルリカバリ,V2.5.5,"認証要素が変更または置き換えられた場合、ユーザにこのイベントが通知される。",✓,✓,✓,304,6.1.2.3
V2,認証,V2.5,クレデンシャルリカバリ,V2.5.6,"パスワードを忘れた場合や他のリカバリパスは、時間ベースの OTP (time-based OTP, TOTP) またはその他のソフトトークン、モバイルパス、または別のオフラインリカバリ機構などのセキュアなリカバリ機構を使用する。 ([C6](https://owasp.org/www-project-proactive-controls/#div-numbering))",✓,✓,✓,640,5.1.1.2
V2,認証,V2.5,クレデンシャルリカバリ,V2.5.7,"OTP または多要素認証要素が失われた場合、登録時と同じレベルで同一性証明の証拠が実行される。",,✓,✓,308,6.1.2.3
V2,認証,V2.6,ルックアップシークレット検証者 (Verifier),V2.6.1,ルックアップシークレットは一度だけしか使用されない。,,✓,✓,308,5.1.2.2
V2,認証,V2.6,ルックアップシークレット検証者 (Verifier),V2.6.2,"ルックアップシークレットが十分なランダム性（112 ビットのエントロピー）を持っていること、または、112 ビットのエントロピー以下の場合に、一意でランダムな 32 ビットでソルトされ、承認された一方向ハッシュでハッシュ化されている。",,✓,✓,330,5.1.2.2
V2,認証,V2.6,ルックアップシークレット検証者 (Verifier),V2.6.3,"ルックアップシークレットは予測可能な値などのオフライン攻撃に対して耐性がある。",,✓,✓,310,5.1.2.2
V2,認証,V2.7,経路外 (Out of Band) 検証者 (Verifier),V2.7.1,"SMS や PSTN などの平文経路外（NIST で制限されている）オーセンティケータがデフォルトで提供されておらず、プッシュ通知などの強力な代替が最初に提供されている。",✓,✓,✓,287,5.1.3.2
V2,認証,V2.7,経路外 (Out of Band) 検証者 (Verifier),V2.7.2,"経路外検証者が 10 分後に、帯域外認証リクエスト、コード、またはトークンが期限切れにさせる。",✓,✓,✓,287,5.1.3.2
V2,認証,V2.7,経路外 (Out of Band) 検証者 (Verifier),V2.7.3,"経路外検証者の認証リクエストやコード、またはトークンが 1 回しか使用できず、元の認証リクエストに対してのみ使用可能となっている。",✓,✓,✓,287,5.1.3.2
V2,認証,V2.7,経路外 (Out of Band) 検証者 (Verifier),V2.7.4,経路外オーセンティケータおよび検証者はセキュアで独立したチャネルを介して通信する。,✓,✓,✓,523,5.1.3.2
V2,認証,V2.7,経路外 (Out of Band) 検証者 (Verifier),V2.7.5,経路外検証者がハッシュ化されたバージョンのオーセンティケーションコードのみを保持している。,,✓,✓,256,5.1.3.2
V2,認証,V2.7,経路外 (Out of Band) 検証者 (Verifier),V2.7.6,"初期オーセンティケーションコードは少なくとも 20 ビットのエントロピーを含む (通常、6 デジタル乱数で十分です) セキュアな乱数生成器により生成されている。",,✓,✓,310,5.1.3.2
V2,認証,V2.8,ワンタイム検証者,V2.8.1,時間ベースの OTP は期限切れまでの有効期間が定義されている。,✓,✓,✓,613,5.1.4.2 / 5.1.5.2
V2,認証,V2.8,ワンタイム検証者,V2.8.2,"送信された OTP を検証するために使用される対称鍵は、ハードウェアセキュリティモジュールまたはセキュアなオペレーティングシステムベースのキーストレージなどを使用して、高度に保護されている。",,✓,✓,320,5.1.4.2 / 5.1.5.2
V2,認証,V2.8,ワンタイム検証者,V2.8.3,"承認済みの暗号化アルゴリズムが OTP の生成、シード、検証に使用されている。",,✓,✓,326,5.1.4.2 / 5.1.5.2
V2,認証,V2.8,ワンタイム検証者,V2.8.4,時間ベースの OTP が有効期間内に 1 回しか使用できない。,,✓,✓,287,5.1.4.2 / 5.1.5.2
V2,認証,V2.8,ワンタイム検証者,V2.8.5,"時間ベースの多要素 OTP トークンが有効期間中に再利用された場合、それがログに記録され、セキュアな通知がデバイスの所有者に送信されるとともにリジェクトされる。",,✓,✓,287,5.1.5.2
V2,認証,V2.8,ワンタイム検証者,V2.8.6,"盗難やその他の損失が発生した場合は、物理的な単一要素の OTP ジェネレータを無効にすることができる。場所に関係なく、ログインしたセッション全体で失効がすぐに反映されるようにします。",,✓,✓,613,5.2.1
V2,認証,V2.8,ワンタイム検証者,V2.8.7,生体認証システムが、自分が持っているものと自分が知っているものの、両方と組み合わせて二次的要素としてのみ使用されるよう制限されている。,,o,✓,308,5.2.3
V2,認証,V2.9,暗号化検証者,V2.9.1,"検証に使用される暗号化キーは、Trusted Platform Module (TPM) や Hardware Security Module (HSM) またはこのセキュアなストレージを使用できる OS サービスを使用するなど、セキュアに保存され、漏えいから保護されている。",,✓,✓,320,5.1.7.2
V2,認証,V2.9,暗号化検証者,V2.9.2,"チャレンジナンスは少なくとも 64 ビットの長さがあり、統計的に一意か、暗号化デバイスの有効期間を通じて一意となっている。",,✓,✓,330,5.1.7.2
V2,認証,V2.9,暗号化検証者,V2.9.3,"承認された暗号化アルゴリズムが生成、シード、および検証に使用されている。",,✓,✓,327,5.1.7.2
V2,認証,V2.10,サービス認証,V2.10.1,"イントラサービスシークレットが、パスワード、API キーや特権アクセスを備える共有アカウントなどの不変のクレデンシャルに依存していない。",,OS assisted,HSM,287,5.1.1.1
V2,認証,V2.10,サービス認証,V2.10.2,"サービス認証にパスワードが必要な場合は、使用されるサービスアカウントがデフォルトクレデンシャルではない。 (例えば、あるサービスではインストール時に root/root または admin/admin がデフォルトである)",,OS assisted,HSM,255,5.1.1.1
V2,認証,V2.10,サービス認証,V2.10.3,"ローカルシステムアクセスを含むオフラインリカバリ攻撃を防ぐために、パスワードは十分保護された状態で保存されている。",,OS assisted,HSM,522,5.1.1.1
V2,認証,V2.10,サービス認証,V2.10.4,"パスワード、データベースおよびサードパーティシステムとの統合、シードおよび内部シークレット、および API キー がセキュアに管理され、ソースコードに含まれていないこと、またはソースコードリポジトリに保存されていない。このようなストレージはオフライン攻撃に耐える必要があります。パスワードストレージにはセキュアなソフトウェアキーストア (L1) 、ハードウェア TPM 、または HSM (L3) の使用を推奨します。",,OS assisted,HSM,798,
V3,セッション管理,V3.1,基本セッション管理セキュリティ,V3.1.1,アプリケーションが URL パラメータ内にセッショントークンを漏洩しない。,✓,✓,✓,598,
V3,セッション管理,V3.2,セッションバインディング,V3.2.1,アプリケーションがユーザ認証時に新しいセッショントークンを生成する。 ([C6](https://owasp.org/www-project-proactive-controls/#div-numbering)),✓,✓,✓,384,7.1
V3,セッション管理,V3.2,セッションバインディング,V3.2.2,セッショントークンに少なくとも 64 ビットのエントロピーがある。 ([C6](https://owasp.org/www-project-proactive-controls/#div-numbering)),✓,✓,✓,331,7.1
V3,セッション管理,V3.2,セッションバインディング,V3.2.3,適切に保護された Cookie (セクション 3.4 を参照) や HTML 5 セッションストレージなどのセキュアな方法を使用して、アプリケーションがブラウザにセッショントークンのみを保存する。,✓,✓,✓,539,7.1
V3,セッション管理,V3.2,セッションバインディング,V3.2.4,セッショントークンが承認済みの暗号化アルゴリズムを使用して生成されている。 ([C6](https://owasp.org/www-project-proactive-controls/#div-numbering)),,✓,✓,331,7.1
V3,セッション管理,V3.3,セッションの終了,V3.3.1,"「戻る」ボタンや下流の依拠当事者 (Relying Parties) が、依拠当事者 (Relying Parties) 間を含め認証済みセッションを再開しないように、ログアウトおよび有効期限によってセッショントークンが無効になる。 ([C6](https://owasp.org/www-project-proactive-controls/#div-numbering))",✓,✓,✓,613,7.1
V3,セッション管理,V3.3,セッションの終了,V3.3.2,"オーセンティケータがユーザにログインしたままでいることを許可する場合、アクティブに使用されているときと、アイドル期間後の両方で、定期的に再認証が行われる。 ([C6](https://owasp.org/www-project-proactive-controls/#div-numbering))",30 日,"12 時間 or 30 分のアイドル状態、 2FA はオプショナル","12 時間 or 15 分のアイドル状態、 2FA を利用",613,7.2
V3,セッション管理,V3.3,セッションの終了,V3.3.3,"パスワードが正常に変更 (パスワードリセットやリカバリによる変更を含む) された後、アプリケーションが他のすべてのアクティブセッションを終了するためのオプションを提供している。および、これがアプリケーション、フェデレーションログイン（存在する場合）、依拠当事者 (Relying Parties) すべてに有効となっている。",,✓,✓,613,
V3,セッション管理,V3.3,セッションの終了,V3.3.4,ユーザがすべての現在のアクティブなセッションまたはデバイスを閲覧、および (ログインクレデンシャルを再入力して) ログアウトできる。,,✓,✓,613,7.1
V3,セッション管理,V3.4,クッキーベースのセッション管理,V3.4.1,クッキーベースのセッショントークンに Secure 属性が設定されている。 ([C6](https://owasp.org/www-project-proactive-controls/#div-numbering)),✓,✓,✓,614,7.1.1
V3,セッション管理,V3.4,クッキーベースのセッション管理,V3.4.2,クッキーベースのセッショントークンに HttpOnly 属性が設定されている。 ([C6](https://owasp.org/www-project-proactive-controls/#div-numbering)),✓,✓,✓,1004,7.1.1
V3,セッション管理,V3.4,クッキーベースのセッション管理,V3.4.3,クロスサイトリクエストフォージェリ攻撃を抑制するために、クッキーベースのセッショントークンが SameSite 属性を利用している。 ([C6](https://owasp.org/www-project-proactive-controls/#div-numbering)),✓,✓,✓,1275,7.1.1
V3,セッション管理,V3.4,クッキーベースのセッション管理,V3.4.4,"クッキーベースのセッショントークンに "__Host-" プレフィックスを使用しており、クッキーは最初にクッキーを設定したホストにのみ送信されている。",✓,✓,✓,16,7.1.1
V3,セッション管理,V3.4,クッキーベースのセッション管理,V3.4.5,"セッションクッキーを開示する可能性があるセッションクッキーを設定または使用する他のアプリケーションを持つドメイン名配下でアプリケーションが公開されている場合は、最も正確なパスを使用してクッキーベースのセッショントークンに path 属性を設定している。 ([C6](https://owasp.org/www-project-proactive-controls/#div-numbering))",✓,✓,✓,16,7.1.1
V3,セッション管理,V3.5,トークンベースのセッション管理,V3.5.1,アプリケーションは、リンクされたアプリケーションとの信頼関係を形成する OAuth トークンを、ユーザが取り消すことができるようにしている。,,✓,✓,290,7.1.2
V3,セッション管理,V3.5,トークンベースのセッション管理,V3.5.2,"レガシーな実装を除いて、アプリケーションが静的な API シークレットや API キーではなくセッショントークンを使用している。",,✓,✓,798,
V3,セッション管理,V3.5,トークンベースのセッション管理,V3.5.3,"ステートレスセッショントークンがデジタル署名、暗号化、およびその他の対策を使用して、改ざん、エンベローピング、リプレイ、ヌル暗号、鍵置き換え攻撃から保護されている。",,✓,✓,345,
V3,セッション管理,V3.6,フェデレーション再認証,V3.6.1,依拠当事者 (Relying Parties, PR) が Credential Service Provider (CSP) に最大認証時間を指定していること、および CSP がその期間内にセッションを使用していない場合は、CSP がユーザを再認証する。,,,✓,613,7.2.1
V3,セッション管理,V3.6,フェデレーション再認証,V3.6.2,"Credential Service Provider (CSP) がユーザを再認証する必要があるかどうかを依拠当事者 (Relying Parties) が決定できるように、CSP が依拠当事者 (Relying Parties) に最後の認証イベントを通知する。",,,✓,613,7.2.1
V3,セッション管理,V3.7,セッション管理の悪用に対する防御,V3.7.1,"機密性の高いトランザクションやアカウントの変更を許可する前に、アプリケーションが完全で有効なログインセッションを確保していること、または再認証や二次検証を必要としている。",✓,✓,✓,306,
V4,アクセス制御,V4.1,一般的なアクセス制御デザイン,V4.1.1,"特に、クライアント側のアクセス制御が存在し、それが迂回される可能性がある場合には、アプリケーションは信頼できるサービスレイヤに対してアクセス制御ルールを適用する。",✓,✓,✓,602,
V4,アクセス制御,V4.1,一般的なアクセス制御デザイン,V4.1.2,アクセス制御で使用されるすべてのユーザ属性とデータ属性およびポリシー情報は、特に認可されていない限りエンドユーザーによって操作されない。,✓,✓,✓,639,
V4,アクセス制御,V4.1,一般的なアクセス制御デザイン,V4.1.3,"最小権限の原則が導入されている。ユーザは認可されているものについてのみ、機能やデータファイル、URL、コントローラ、サービス、他のリソースにアクセスできる。これは、なりすましや権限昇格に対する防御となる。 ([C7](https://owasp.org/www-project-proactive-controls/#div-numbering))",✓,✓,✓,285,
V4,アクセス制御,V4.1,一般的なアクセス制御デザイン,V4.1.4,"[削除, 4.1.3 と重複]",,,,,
V4,アクセス制御,V4.1,一般的なアクセス制御デザイン,V4.1.5,例外が発生した場合も含めて、アクセス制御がセキュアに失敗する。 ([C10](https://owasp.org/www-project-proactive-controls/#div-numbering)),✓,✓,✓,285,
V4,アクセス制御,V4.2,オペレーションレベルアクセス制御,V4.2.1,"機密データおよび API が、他人のレコードの作成や更新、全員のレコードの閲覧、すべてのレコードの削除など、レコードの作成、読み取り、更新、削除を目的とする非セキュアダイレクトオブジェクト参照 (Insecure Direct Object Reference, IDOR) 攻撃に対して保護されている。",✓,✓,✓,639,
V4,アクセス制御,V4.2,オペレーションレベルアクセス制御,V4.2.2,"認証済みの機能を保護するために、アプリケーションやフレームワークが強力な CSRF 対策メカニズムを実施していること、および有効な自動化対策や CSRF 対策が未認証機能の保護を実施している。",✓,✓,✓,352,
V4,アクセス制御,V4.3,他のアクセス制御の考慮,V4.3.1,管理インタフェースが、不正使用を防ぐために、適切な多要素認証を使用している。,✓,✓,✓,419,
V4,アクセス制御,V4.3,他のアクセス制御の考慮,V4.3.2,"ディレクトリリスティグは、意図して許可されない限り、無効となっている。また、ファイルやディレクトリのメタデータ (Thumbs.db、.DS_Store、.git、.svn フォルダなど) の検出や開示が許可されていない。",✓,✓,✓,548,
V4,アクセス制御,V4.3,他のアクセス制御の考慮,V4.3.3,"アプリケーションが、低価値のシステムを対象とした追加の認可 (ステップアップ認証または適応認証など)や高価値アプリケーションを対象とした職務分掌を備えており、アプリケーションのリスクや過去に行われた不正行為に基づき、不正行為対策の管理策を必須とする。",,✓,✓,732,
V5,"バリデーション、サニタイゼーション、エンコーディング",V5.1,入力バリデーション,V5.1.1,"アプリケーションが HTTP 変数汚染攻撃に対する防御策を備えている。特にアプリケーションフレームワークが、リクエストパラメータのソース (GET、POST、Cookie、ヘッダ、環境など) を区別しない場合はこの防御が必要。",✓,✓,✓,235,
V5,"バリデーション、サニタイゼーション、エンコーディング",V5.1,入力バリデーション,V5.1.2,"フレームワークが大量のパラメータ割り当て攻撃から保護している、またはフィールドを非公開にするなど安全でないパラメータの代入を防ぐための対策が行われている。 ([C5](https://owasp.org/www-project-proactive-controls/#div-numbering))",✓,✓,✓,915,
V5,"バリデーション、サニタイゼーション、エンコーディング",V5.1,入力バリデーション,V5.1.3,"すべての入力データがバリデーションされている。入力データには、HTML のフォームのフィールド、REST 呼び出し、クエリパラメータ、HTTP ヘッダ、Cookie、バッチファイル、RSS フィードなども含む。バリデーションは許可リスト方式で行う。 ([C5](https://owasp.org/www-project-proactive-controls/#div-numbering))",✓,✓,✓,20,
V5,"バリデーション、サニタイゼーション、エンコーディング",V5.1,入力バリデーション,V5.1.4,"構造化データが強く型付けされており、使用可能な文字、長さ、パターン等の定義されたスキーマに基づいてバリデーションされる。（例：クレジットカード番号、電子メールアドレス、電話番号などのバリデーションや、地区名と郵便番号等 2 つの関連するフィールドのデータが妥当なことのバリデーション） ([C5](https://owasp.org/www-project-proactive-controls/#div-numbering))",✓,✓,✓,20,
V5,"バリデーション、サニタイゼーション、エンコーディング",V5.1,入力バリデーション,V5.1.5,"URL のリダイレクト先と転送先がホワイトリストに登録された宛先のみ許可されている、または信頼できない可能性のあるコンテンツにリダイレクトするときに警告を表示する。",✓,✓,✓,601,
V5,"バリデーション、サニタイゼーション、エンコーディング",V5.2,サニタイゼーションとサンドボックス化,V5.2.1,WYSIWYG エディタ等から取得した信頼できない HTML 入力が、HTML サニタイザライブラリもしくはフレームワークの機能によって適切にサニタイズされ、入力バリデーションやエンコードにより適切に処理されている。 ([C5](https://owasp.org/www-project-proactive-controls/#div-numbering)),✓,✓,✓,116,
V5,"バリデーション、サニタイゼーション、エンコーディング",V5.2,サニタイゼーションとサンドボックス化,V5.2.2,非構造化データがサニタイズされ、使用可能な文字や長さなど一般的な対策が適用されている。,✓,✓,✓,138,
V5,"バリデーション、サニタイゼーション、エンコーディング",V5.2,サニタイゼーションとサンドボックス化,V5.2.3,SMTP または IMAP インジェクションから保護するため、アプリケーションがメールシステムに渡す前にユーザ入力をサニタイズする。,✓,✓,✓,147,
V5,"バリデーション、サニタイゼーション、エンコーディング",V5.2,サニタイゼーションとサンドボックス化,V5.2.4,"eval()もしくは動的コード実行機能を使用しない。代替方法がない場合は、実行前に含まれるユーザ入力のサニタイズもしくはサンドボックス化する。",✓,✓,✓,95,
V5,"バリデーション、サニタイゼーション、エンコーディング",V5.2,サニタイゼーションとサンドボックス化,V5.2.5,テンプレートインジェクション攻撃に対して、ユーザ入力のサニタイズもしくはサンドボックス化によってアプリケーションが保護されている。,✓,✓,✓,94,
V5,"バリデーション、サニタイゼーション、エンコーディング",V5.2,サニタイゼーションとサンドボックス化,V5.2.6,"信頼できないデータやファイル名や URL 入力フィールドなど HTTP ファイルメタデータのバリデーションまたはサニタイズや、プロトコル、ドメイン、パス、ポートに許可リストを使用することで、アプリケーションが SSRF 攻撃から保護されている。",✓,✓,✓,918,
V5,"バリデーション、サニタイゼーション、エンコーディング",V5.2,サニタイゼーションとサンドボックス化,V5.2.7,"ユーザの指定した Scalable Vector Graphics (SVG) スクリプト化可能コンテンツ（特に XSS に関連するインラインスクリプトや foreignObject）に対して、アプリケーションがサニタイズまたはサンドボックス化している。",✓,✓,✓,159,
V5,"バリデーション、サニタイゼーション、エンコーディング",V5.2,サニタイゼーションとサンドボックス化,V5.2.8,"ユーザ指定の Markdown、CSS、XSL スタイルシート、BBCode のようなスクリプト可能もしくは式のテンプレート言語コンテンツに対して、アプリケーションがサニタイズ、無効化またはサンドボックス化されている。",✓,✓,✓,94,
V5,"バリデーション、サニタイゼーション、エンコーディング",V5.3,出力エンコーディングとインジェクション防御,V5.3.1,"出力エンコーディングがインタプリタとコンテキストが要求するものに関連している。例えば特に信頼できない入力 (""ねこ"" や ""O'Hara"" など、Unicode 文字やアポストロフィを含む名前など) に対して、HTML 値、HTML 属性、JavaScript、URL パラメータ、HTML ヘッダ、SMTP、その他コンテキストが必要とするものに対して個別のエンコードを使用する。 ([C4](https://owasp.org/www-project-proactive-controls/#div-numbering))",✓,✓,✓,116,
V5,"バリデーション、サニタイゼーション、エンコーディング",V5.3,出力エンコーディングとインジェクション防御,V5.3.2,"どの Unicode 文字でも有効かつ安全に処理されるように、出力エンコーディングがユーザが選択した文字コードセット、ロケールが保持されている。 ([C4](https://owasp.org/www-project-proactive-controls/#div-numbering))",✓,✓,✓,176,
V5,"バリデーション、サニタイゼーション、エンコーディング",V5.3,出力エンコーディングとインジェクション防御,V5.3.3,"コンテキストに応じて (できれば自動化された、あるいは最悪でも手動による) 出力エスケープにより反射型、格納型、および DOM ベース XSS から保護されている。 ([C4](https://owasp.org/www-project-proactive-controls/#div-numbering))",✓,✓,✓,79,
V5,"バリデーション、サニタイゼーション、エンコーディング",V5.3,出力エンコーディングとインジェクション防御,V5.3.4,"データ選択またはデータベースクエリ（例、SQL、HQL、ORM、NoSQL）がクエリのパラメータ化、ORM、エンティティフレームワークもしくは他の方法により保護されており、データベースインジェクション攻撃の影響を受けない。 ([C3](https://owasp.org/www-project-proactive-controls/#div-numbering))",✓,✓,✓,89,
V5,"バリデーション、サニタイゼーション、エンコーディング",V5.3,出力エンコーディングとインジェクション防御,V5.3.5,"パラメータ化もしくはより安全な機構が存在しない場合、SQL インジェクションから保護するための SQL エスケープの使用など、コンテキスト固有の出力エンコーディングによりインジェクション攻撃から保護されている。 ([C3, C4](https://owasp.org/www-project-proactive-controls/#div-numbering))",✓,✓,✓,89,
V5,"バリデーション、サニタイゼーション、エンコーディング",V5.3,出力エンコーディングとインジェクション防御,V5.3.6,"アプリケーションが JSON インジェクション攻撃、JSON eval 攻撃、および JavaScript 式評価から保護されている。 ([C4](https://owasp.org/www-project-proactive-controls/#div-numbering))",✓,✓,✓,830,
V5,"バリデーション、サニタイゼーション、エンコーディング",V5.3,出力エンコーディングとインジェクション防御,V5.3.7,"アプリケーションが LDAP インジェクションの影響を受けない、またはセキュリティ管理策によって LDAP インジェクションが防止される。 ([C4](https://owasp.org/www-project-proactive-controls/#div-numbering))",✓,✓,✓,90,
V5,"バリデーション、サニタイゼーション、エンコーディング",V5.3,出力エンコーディングとインジェクション防御,V5.3.8,OS コマンドインジェクションに対して保護していること、およびオペレーティングシステムコールがパラメータ化された OS クエリを使用、もしくはコンテキストコマンドライン出力エンコーディングを使用する。 ([C4](https://owasp.org/www-project-proactive-controls/#div-numbering)),✓,✓,✓,78,
V5,"バリデーション、サニタイゼーション、エンコーディング",V5.3,出力エンコーディングとインジェクション防御,V5.3.9,アプリケーションが、リモートファイルインクルード (RFI) やローカルファイルインクルード (LFI) の影響を受けない。,✓,✓,✓,829,
V5,"バリデーション、サニタイゼーション、エンコーディング",V5.3,出力エンコーディングとインジェクション防御,V5.3.10,アプリケーションが XPath インジェクション攻撃や XML インジェクション攻撃から保護されている。 ([C4](https://owasp.org/www-project-proactive-controls/#div-numbering)),✓,✓,✓,643,
V5,"バリデーション、サニタイゼーション、エンコーディング",V5.4,"メモリ、文字列、アンマネージドコード",V5.4.1,"メモリセーフな文字列、安全なメモリコピー、ポインタ演算を使って、スタック、バッファ、ヒープのオーバーフローをアプリケーションが検出または防止する。",,✓,✓,120,
V5,"バリデーション、サニタイゼーション、エンコーディング",V5.4,"メモリ、文字列、アンマネージドコード",V5.4.2,"フォーマット文字列は悪意のある入力を受け取らず、定数となっている。",,✓,✓,134,
V5,"バリデーション、サニタイゼーション、エンコーディング",V5.4,"メモリ、文字列、アンマネージドコード",V5.4.3,"整数オーバーフローを防ぐために符号、範囲および入力のバリデーションが使用されている。",,✓,✓,190,
V5,"バリデーション、サニタイゼーション、エンコーディング",V5.5,デシリアライゼーション防御,V5.5.1,シリアライズされたオブジェクトが整合性チェックを使用していること、または悪意のあるオブジェクトの作成やデータの改ざんを防ぐために暗号化されている。 ([C5](https://owasp.org/www-project-proactive-controls/#div-numbering)),✓,✓,✓,502,
V5,"バリデーション、サニタイゼーション、エンコーディング",V5.5,デシリアライゼーション防御,V5.5.2,"アプリケーションが XML パーサを可能な限り最も制限の厳しい構成のみを使用するように正しく制限し、外部エンティティの解決などの危険な機能を無効にして XML 外部エンティティ (XML eXternal Entity, XXE) を防ぐようにしている。",✓,✓,✓,611,
V5,"バリデーション、サニタイゼーション、エンコーディング",V5.5,デシリアライゼーション防御,V5.5.3,"信頼できないデータのデシリアライズが回避されている、またはカスタムコードとサードパーティのライブラリ（JSON、XML、YAML パーサなど）の両方で保護されている。",✓,✓,✓,502,
V5,"バリデーション、サニタイゼーション、エンコーディング",V5.5,デシリアライゼーション防御,V5.5.4,"ブラウザもしくは JavaScript ベースのバックエンドで JSON をパースするときは JSON.parse を使用する。eval() を使用しない。",✓,✓,✓,95,
V6,保存時の暗号化,V6.1,データ分類,V6.1.1,"個人を特定できる情報（Personally Identifiable Information, PII）、センシティブな個人情報、または EU の GDPR の対象となる可能性が高いと判断されたデータなど、規制対象の非公開データが暗号化されて保管されている。",,✓,✓,311,
V6,保存時の暗号化,V6.1,データ分類,V6.1.2,"医療記録、医療機器の詳細、匿名化されていない調査記録など、規制対象の医療データが暗号化されて保存されている。",,✓,✓,311,
V6,保存時の暗号化,V6.1,データ分類,V6.1.3,"金融口座、債務不履行やクレジットの履歴、税務記録、支払い履歴、受益者、匿名化されていない市場や調査記録など、規制対象の財務データが暗号化されて保管されている。",,✓,✓,311,
V6,保存時の暗号化,V6.2,アルゴリズム,V6.2.1,"すべての暗号化モジュールにおいて、処理に失敗した場合の安全対策が施されており、オラクルパディング攻撃を許さない方法でエラーが処理される。",✓,✓,✓,310,
V6,保存時の暗号化,V6.2,アルゴリズム,V6.2.2,"独自実装された暗号化方式ではなく、業界で実績のある、または政府が承認した暗号化アルゴリズム、モード、およびライブラリが使用されている。 ([C8](https://owasp.org/www-project-proactive-controls/#div-numbering))",,✓,✓,327,
V6,保存時の暗号化,V6.2,アルゴリズム,V6.2.3,"最新の勧告を使用して、暗号初期化ベクトル、暗号設定およびブロックモードが安全に構成されている。",,✓,✓,326,
V6,保存時の暗号化,V6.2,アルゴリズム,V6.2.4,"暗号の破壊から保護するため、乱数、暗号化またはハッシュアルゴリズム、鍵の長さ、ラウンド、暗号方式またはモードが、いつでも再構成やアップグレードもしくは入れ替えられる。 ([C8](https://owasp.org/www-project-proactive-controls/#div-numbering))",,✓,✓,326,
V6,保存時の暗号化,V6.2,アルゴリズム,V6.2.5,"既知の安全でないブロックモード（ECB など）、パディングモード（PKCS#1 v1.5 など）、ブロックサイズが小さい暗号（Triple-DES、Blowfish など）、および弱いハッシュアルゴリズム（MD5、SHA1 など）が、下位互換のために要求されない限り使用されていない。",,✓,✓,326,
V6,保存時の暗号化,V6.2,アルゴリズム,V6.2.6,"ナンス、初期化ベクトル、およびその他の使い捨ての数字が、特定の暗号化鍵で複数回使いまわしされていない。生成方法は、使用しているアルゴリズムに適切となっている。",,✓,✓,326,
V6,保存時の暗号化,V6.2,アルゴリズム,V6.2.7,"暗号化されたデータが署名、認証された暗号モード、または HMAC によって認証され、暗号文が権限のない者によって変更されない。",,,✓,326,
V6,保存時の暗号化,V6.2,アルゴリズム,V6.2.8,"情報の漏洩を防ぐために、すべての暗号化操作が、比較や計算または返戻の際にショートカット操作がなく、一定時間となっている。",,,✓,385,
V6,保存時の暗号化,V6.3,乱数値,V6.3.1,"すべての乱数、ランダムなファイル名、ランダムな GUID、ランダムな文字列は、攻撃者が推測できないことを意図している場合、暗号化モジュールが許可する乱数生成器を用いて生成する。",,✓,✓,338,
V6,保存時の暗号化,V6.3,乱数値,V6.3.2,"ランダムな GUID が GUID v4 アルゴリズムと暗号的に安全な疑似乱数ジェネレータ（Cryptographically-secure Pseudo-random Number Generator, CSPRNG）を使用して作成されている。他の疑似乱数ジェネレータを使用して作成された GUID は予測可能な場合がある。",,✓,✓,338,
V6,保存時の暗号化,V6.3,乱数値,V6.3.3,"アプリケーションの負荷が高い状態であっても、乱数が適切なエントロピーを使って生成される、あるいはアプリケーションがそのような環境で適切にデグレードする。",,,✓,338,
V6,保存時の暗号化,V6.4,シークレット管理,V6.4.1,"鍵保管庫のような秘密情報管理ソリューションを、秘密情報の作成、保存、アクセス制御および秘密情報の破壊に使用している。 ([C8](https://owasp.org/www-project-proactive-controls/#div-numbering))",,✓,✓,798,
V6,保存時の暗号化,V6.4,シークレット管理,V6.4.2,鍵マテリアルがアプリケーションに公開されていない。代わりに暗号化操作用の金庫のように隔離されたセキュリティモジュールを使用している。 ([C8](https://owasp.org/www-project-proactive-controls/#div-numbering)),,✓,✓,320,
V7,エラー処理とログ記録,V7.1,ログ内容,V7.1.1,"アプリケーションがクレデンシャルまたは支払い情報をログに保存していない。セッショントークンは、不可逆的なハッシュ形式でのみログに保存する。 ([C9, C10](https://owasp.org/www-project-proactive-controls/#div-numbering))",✓,✓,✓,532,
V7,エラー処理とログ記録,V7.1,ログ内容,V7.1.2,現地のプライバシー法または関連するセキュリティポリシーで定義されているその他のセンシティブなデータをログに記録していない。 ([C9](https://owasp.org/www-project-proactive-controls/#div-numbering)),✓,✓,✓,532,
V7,エラー処理とログ記録,V7.1,ログ内容,V7.1.3,"成功および失敗した認証イベント、アクセス制御の失敗、デシリアライゼーションの失敗、および入力検証の失敗を含むセキュリティへの影響が考えられるイベントについてログを保存する。 ([C5, C7](https://owasp.org/www-project-proactive-controls/#div-numbering))",,✓,✓,778,
V7,エラー処理とログ記録,V7.1,ログ内容,V7.1.4,各ログのイベントには、イベント発生時のタイムラインを詳細に調査するために必要な情報が含まれている。 ([C9](https://owasp.org/www-project-proactive-controls/#div-numbering)),,✓,✓,778,
V7,エラー処理とログ記録,V7.2,ログ処理,V7.2.1,"センシティブなセッショントークンやパスワードを保存せずに、すべての認証判定がログに記録されている。これには、セキュリティ調査に必要な関連メタデータを含むリクエストを含める。",,✓,✓,778,
V7,エラー処理とログ記録,V7.2,ログ処理,V7.2.2,すべてのアクセス制御判定がログに記録され、失敗したすべての判定がログに記録される。これには、セキュリティ調査に必要な関連メタデータを含むリクエストを含める。,,✓,✓,285,
V7,エラー処理とログ記録,V7.3,ログ保護,V7.3.1,ログインジェクションを防ぐためにすべてのログ記録コンポーネントがデータを適切にエンコードしている。 ([C9](https://owasp.org/www-project-proactive-controls/#div-numbering)),,✓,✓,117,
V7,エラー処理とログ記録,V7.3,ログ保護,V7.3.2,"[削除, 7.3.1 と重複]",,,,,
V7,エラー処理とログ記録,V7.3,ログ保護,V7.3.3,セキュリティログが不正なアクセスや改変から保護されている。 ([C9](https://owasp.org/www-project-proactive-controls/#div-numbering)),,✓,✓,200,
V7,エラー処理とログ記録,V7.3,ログ保護,V7.3.4,時刻源が正しい時間と正しいタイムゾーンに同期されている。システムがグローバルである場合は、インシデント後のフォレンジック分析を支援するために UTC でのみログを記録することを強く検討する。 ([C9](https://owasp.org/www-project-proactive-controls/#div-numbering)),,✓,✓,,
V7,エラー処理とログ記録,V7.4,エラー処理,V7.4.1,"予期しないエラーまたはセキュリティ上重要なエラーが発生したときに、サポート担当者が調査に使用できる一意の ID とともに一般的なメッセージが表示される。 ([C10](https://owasp.org/www-project-proactive-controls/#div-numbering))",✓,✓,✓,210,
V7,エラー処理とログ記録,V7.4,エラー処理,V7.4.2,予期されるエラーおよび予期されないエラー状態を説明するために、例外処理（または機能的に同等なもの）がコードベース全体で使用されている。 ([C10](https://owasp.org/www-project-proactive-controls/#div-numbering)),,✓,✓,544,
V7,エラー処理とログ記録,V7.4,エラー処理,V7.4.3,"未処理の例外をすべて捕捉する「最後の手段」となるエラーハンドラが定義されている。 ([C10](https://owasp.org/www-project-proactive-controls/#div-numbering))",,✓,✓,431,
V8,データ保護,V8.1,一般的なデータ保護,V8.1.1,アプリケーションは機密データをロードバランサやアプリケーションキャッシュなどのサーバコンポーネントにキャッシュされないように保護している。,,✓,✓,524,
V8,データ保護,V8.1,一般的なデータ保護,V8.1.2,サーバ上に保存されている機密データの、すべてのキャッシュや一時コピーが、認証されていないアクセスから保護されているか、認証されたユーザが機密データにアクセスした後に削除または無効化される。,,✓,✓,524,
V8,データ保護,V8.1,一般的なデータ保護,V8.1.3,"1 リクエスト中に含まれるパラメータの数（非表示フィールド、Ajax 変数、Cookie、ヘッダ値など）を最小限にしている。",,✓,✓,233,
V8,データ保護,V8.1,一般的なデータ保護,V8.1.4,"アプリケーションが、IP 、ユーザ、1 時間または 1 日あたりの総数、またはアプリケーションにとって重要なリクエストなど、異常な数のリクエストを検出および警告できる。",,✓,✓,770,
V8,データ保護,V8.1,一般的なデータ保護,V8.1.5,重要なデータの定期的なバックアップが実行され、データのリストアテストが実行されている。,,,✓,19,
V8,データ保護,V8.1,一般的なデータ保護,V8.1.6,データの盗難や破損を防ぐために、バックアップがセキュアに保存されている。,,,✓,19,
V8,データ保護,V8.2,クライアントサイドのデータ保護,V8.2.1,最新のブラウザで機密データがキャッシュされないように、アプリケーションは十分なキャッシュ防止ヘッダを設定する。,✓,✓,✓,525,
V8,データ保護,V8.2,クライアントサイドのデータ保護,V8.2.2,"ブラウザの記憶域（localStorage、sessionStorage、IndexedDB、Cookie など）に保存されるデータにセンシティブなデータが含まれていない。",✓,✓,✓,922,
V8,データ保護,V8.2,クライアントサイドのデータ保護,V8.2.3,"セッションの終了後、ブラウザの DOM など認証されたデータがクライアントの記憶域から消去される。",✓,✓,✓,922,
V8,データ保護,V8.3,機密性の高い個人データ,V8.3.1,"センシティブなデータが HTTP メッセージボディまたはヘッダでサーバに送信される。どんな HTTP verb のクエリストリングパラメータにもセンシティブなデータが含まれない。",✓,✓,✓,319,
V8,データ保護,V8.3,機密性の高い個人データ,V8.3.2,ユーザが自身のデータをオンデマンドで、削除またはエクスポートできる。,✓,✓,✓,212,
V8,データ保護,V8.3,機密性の高い個人データ,V8.3.3,個人情報の収集および利用に関する明確なポリシーが、ユーザに提供されている。個人情報が何らかの方法で使用される前に、オプトイン方式で個人情報利用に関する同意を得ている。,✓,✓,✓,285,
V8,データ保護,V8.3,機密性の高い個人データ,V8.3.4,"アプリケーションにより作成および処理される、すべてのセンシティブなデータを特定している。センシティブなデータを処理する方法に関するポリシーが、策定されている。 ([C8](https://owasp.org/www-project-proactive-controls/#div-numbering))",✓,✓,✓,200,
V8,データ保護,V8.3,機密性の高い個人データ,V8.3.5,"データが関連するデータ保護規制の下で収集されている場合や、アクセスログ記録が必要な場合、センシティブなデータへのアクセスが（センシティブなデータ自体がログに記録されることなく）監査されている。",,✓,✓,532,
V8,データ保護,V8.3,機密性の高い個人データ,V8.3.6,"メモリダンプ攻撃を軽減するため、メモリに保持されたセンシティブな情報は、不要になればすぐに、ゼロまたはランダムデータを使用して上書きする。",,✓,✓,226,
V8,データ保護,V8.3,機密性の高い個人データ,V8.3.7,"暗号化を必要とするセンシティブなもしくは個人情報は、機密性と完全性の双方を提供する承認済みアルゴリズムを使用して暗号化する。 ([C8](https://owasp.org/www-project-proactive-controls/#div-numbering))",,✓,✓,327,
V8,データ保護,V8.3,機密性の高い個人データ,V8.3.8,"センシティブな個人情報は、古いデータや期限切れのデータが、自動的、定期的、または状況に応じて削除されるなど、データ保持分類の対象となっている。",,✓,✓,285,
V9,通信,V9.1,クライアント通信のセキュリティ,V9.1.1,"TLS がすべてのクライアント接続に使用されており、安全でない通信や非暗号化通信にフォールバックしない。 ([C8](https://owasp.org/www-project-proactive-controls/#div-numbering))",✓,✓,✓,319,
V9,通信,V9.1,クライアント通信のセキュリティ,V9.1.2,"最新の TLS テストツールを使用して、強力な暗号スイートのみが有効であり、最も強力な暗号スイートが優先的に設定されている。",✓,✓,✓,326,
V9,通信,V9.1,クライアント通信のセキュリティ,V9.1.3,"TLS 1.2 や TLS 1.3 など、最新の推奨バージョンの TLS プロトコルのみが有効である。最新バージョンの TLS プロトコルを優先オプションにする。",✓,✓,✓,326,
V9,通信,V9.2,サーバ通信のセキュリティ,V9.2.1,"サーバ接続（外向き、内向きの両方）において、信頼できる TLS 証明書が使用されている。内部で生成された証明書または自己署名証明書を使用する場合、サーバは特定の内部認証局や特定の自己署名証明書のみを信頼するように構成し、それ以外の証明書はすべて拒否する。",,✓,✓,295,
V9,通信,V9.2,サーバ通信のセキュリティ,V9.2.2,"管理ポート、監視、認証、API、または Web サービスの呼び出し、データベース、クラウド、サーバレス、メインフレーム、外部やパートナー間の接続など、すべての外向き／内向きの接続に TLS などの暗号化通信が使用されている。サーバは、安全でないプロトコルや暗号化されていないプロトコルにフォールバックしてはいけない。",,✓,✓,319,
V9,通信,V9.2,サーバ通信のセキュリティ,V9.2.3,センシティブな情報や機能を持つ外部システムとの暗号化接続がすべて認証されている。,,✓,✓,287,
V9,通信,V9.2,サーバ通信のセキュリティ,V9.2.4,"Online Certificate Status Protocol (OCSP) Stapling など証明書の失効を適切にチェックできる機能を設定し、有効にしている。",,✓,✓,299,
V9,通信,V9.2,サーバ通信のセキュリティ,V9.2.5,バックエンドの TLS 通信に関するエラーがログに記録されている。,,,✓,544,
V10,悪性コード,V10.1,コード整合性,V10.1.1,"時間関数、危険なファイル操作、ネットワーク接続など、悪性コードを検出できるコード分析ツールが使用されている。",,,✓,749,
V10,悪性コード,V10.2,悪意コード検索,V10.2.1,"アプリケーションのソースコードおよびサードパーティライブラリに、不正な通信 (“phone home”) またはデータ収集機能が含まれていないようにする。このような機能がある場合は、データを収集する前にユーザの許可を受ける。",,✓,✓,359,
V10,悪性コード,V10.2,悪意コード検索,V10.2.2,"アプリケーションが連絡先、カメラ、マイク、ロケーションなど、プライバシー関連の機能に対して不要な権限または過剰な権限を要求しない。",,✓,✓,272,
V10,悪性コード,V10.2,悪意コード検索,V10.2.3,"アプリケーションのソースコードおよびサードパーティのライブラリにバックドアが含まれていない。（ハードコードされたアカウントや鍵、文書化されていないアカウントや鍵、コードの難読化、文書化されていないバイナリ BLOB、ルートキット、アンチデバッグ、危険なデバッグ機能、古い機能、隠された機能）",,,✓,507,
V10,悪性コード,V10.2,悪意コード検索,V10.2.4,日付と時刻関連の機能を検索して、アプリケーションのソースコードとサードパーティのライブラリに時限爆弾(time bomb)が含まれていない。,,,✓,511,
V10,悪性コード,V10.2,悪意コード検索,V10.2.5,"アプリケーションのソースコードとサードパーティのライブラリに、サラミ攻撃、ロジックバイパス (logic bypasses)、ロジックボム (logic bombs) などの悪意のあるコードが含まれていない。",,,✓,511,
V10,悪性コード,V10.2,悪意コード検索,V10.2.6,アプリケーションのソースコードとサードパーティのライブラリにイースターエッグやその他の望ましくない機能が含まれていない。,,,✓,507,
V10,悪性コード,V10.3,アプリケーションの整合性,V10.3.1,"アプリケーションにクライアントまたはサーバの自動更新機能がある場合は、安全なチャネルを経由して、デジタル署名がされていることを確認する。インストールまたは実行する前に、アップデートするコードのデジタル署名を検証する必要がある。",✓,✓,✓,16,
V10,悪性コード,V10.3,アプリケーションの整合性,V10.3.2,"アプリケーションで、コード署名やサブリソースの完全性などの保護が使用されている。加えて、信頼できない場所やインターネットから取得したモジュール、プラグイン、コード、ライブラリなどをロードまたは実行しない。",✓,✓,✓,353,
V10,悪性コード,V10.3,アプリケーションの整合性,V10.3.3,"期限切れドメイン名、期限切れ DNS ポインタまたは CNAME、パブリックソースコードリポジトリでの期限切れプロジェクト、一時的なクラウド API、サーバレス機能、ストレージバケット（autogen-bucketid.cloud.example.com）など、DNS エントリまたは DNS サブエントリに依存している場合、アプリケーションがサブドメイン奪取（subdomain takeover）から保護されている。アプリケーションの保護は使用する DNS 名の有効期限または変更を定期的にチェックすることを含めます。",✓,✓,✓,350,
V11,ビジネスロジック,V11.1,ビジネスロジックのセキュリティ,V11.1.1,アプリケーションが同じユーザのビジネスロジックフローを手順通り、省略せずに処理する。,✓,✓,✓,841,
V11,ビジネスロジック,V11.1,ビジネスロジックのセキュリティ,V11.1.2,"アプリケーションは、すべてのステップが人間の実際に処理する時間で処理されたビジネスロジックフローのみ処理する。（送信されるのが早すぎるトランザクションは処理されない。）",✓,✓,✓,799,
V11,ビジネスロジック,V11.1,ビジネスロジックのセキュリティ,V11.1.3,アプリケーションに適切な制限が実装されており、特定のビジネス活動やトランザクションに対し、ユーザごとに適用されている。,✓,✓,✓,770,
V11,ビジネスロジック,V11.1,ビジネスロジックのセキュリティ,V11.1.4,"大量のデータの流出、ビジネスロジック要求、ファイルのアップロード、DoS 攻撃 (denial of service attacks) などの過剰な呼び出しから保護するために、アプリケーションに自動攻撃を防止する制限がある。",✓,✓,✓,770,
V11,ビジネスロジック,V11.1,ビジネスロジックのセキュリティ,V11.1.5,"アプリケーションは脅威モデリング (threat modeling) または類似の方法を使用して特定されたビジネスリスクから保護するために、ビジネスロジックの制限またはバリデーションがある。",✓,✓,✓,841,
V11,ビジネスロジック,V11.1,ビジネスロジックのセキュリティ,V11.1.6,"アプリケーションの機密性の高い処理が「Time Of Check to Time Of Use」TOCTOU 問題や、その他の競合状態の影響を受けない。",,✓,✓,367,
V11,ビジネスロジック,V11.1,ビジネスロジックのセキュリティ,V11.1.7,"アプリケーションはビジネスロジックの観点から異常なイベントまたはアクティビティを監視している。例えば、順序がおかしい行為や通常のユーザが決して試みない行為の試行が該当する。 ([C9](https://owasp.org/www-project-proactive-controls/#div-numbering))",,✓,✓,754,
V11,ビジネスロジック,V11.1,ビジネスロジックのセキュリティ,V11.1.8,アプリケーションは、自動攻撃または異常なアクティビティが検出されたときにアラートする設定機能がある。,,✓,✓,390,
V12,ファイルとリソース,V12.1,ファイルアップロード,V12.1.1,ストレージを圧迫させたり、DoS 攻撃を引き起こしたりする可能性のある大きなファイルをアプリケーションが受け付けない。,✓,✓,✓,400,
V12,ファイルとリソース,V12.1,ファイルアップロード,V12.1.2,"アプリケーションが圧縮ファイル (zip, gz, docx, odt など) を展開する前に最大許容非圧縮サイズおよび最大ファイル数と照合している。",,✓,✓,409,
V12,ファイルとリソース,V12.1,ファイルアップロード,V12.1.3,"1 人のユーザがあまりにも多くのファイルまたは極端に大きいファイルでストレージを圧迫させることができないように、ユーザあたりのファイルサイズクォータと最大ファイル数が適用されている。",,✓,✓,770,
V12,ファイルとリソース,V12.2,ファイルの完全性,V12.2.1,信頼できない場所から取得したファイルが、期待されるファイルであることをファイルの内容に基づいて判断する。,,✓,✓,434,
V12,ファイルとリソース,V12.3,ファイル実行,V12.3.1,ユーザが送信したファイル名のメタデータがシステムまたはフレームワークにより直接使用されていない。パストラバーサルから保護するために URL API が使用されている。,✓,✓,✓,22,
V12,ファイルとリソース,V12.3,ファイル実行,V12.3.2,"ローカルファイル（LFI）の漏えい、作成、更新、または削除を防止するために、ユーザが送信したファイル名のメタデータをバリデートもしくは無視する。",✓,✓,✓,73,
V12,ファイルとリソース,V12.3,ファイル実行,V12.3.3,"リモートファイルインクルージョン (Remote File Inclusion, RFI) またはサーバサイドリクエストフォージェリ (Server-side Request Forgery, SSRF) 攻撃によるリモートファイルの漏えいまたは実行を防ぐために、ユーザが送信したファイル名のメタデータをバリデートもしくは無視する。",✓,✓,✓,98,
V12,ファイルとリソース,V12.3,ファイル実行,V12.3.4,"アプリケーションを反射型ファイルダウンロード（Reflective File Download, RFD）から保護するため、ユーザが送信したファイル名（JSON、JSONP または URL パラメータの中にある）をバリデートまたは無視し、レスポンスのContent-Type ヘッダは text/plain に設定、および ContentDisposition ヘッダは固定ファイル名を指定する。",✓,✓,✓,641,
V12,ファイルとリソース,V12.3,ファイル実行,V12.3.5,"OS コマンドインジェクションから保護するために、信頼できないファイルメタデータをシステム API またはライブラリで直接使用しない。",✓,✓,✓,78,
V12,ファイルとリソース,V12.3,ファイル実行,V12.3.6,"アプリケーションは、未検証のコンテンツ配信ネットワーク、JavaScript ライブラリ、ノード npm ライブラリ、サーバサイド DLL などの信頼できない場所からの機能を含まず、かつ実行されない。",,✓,✓,829,
V12,ファイルとリソース,V12.4,ファイル保存,V12.4.1,"信頼できない場所から取得したファイルは、Web ルート以外にパーミッションを制限した上で保存する。",✓,✓,✓,552,
V12,ファイルとリソース,V12.4,ファイル保存,V12.4.2,信頼できない場所から取得したファイルが、アプリケーションが想定する種類であることを検証し、既知の悪性コンテンツがアップロードおよび配信されるのを防止するためにアンチウイルスソフトで検査する。,✓,✓,✓,509,
V12,ファイルとリソース,V12.5,ファイルダウンロード,V12.5.1,"意図しない情報やソースコードの漏えいを防ぐために、特定のファイル拡張子を持つファイルのみを処理するように Web 層が構成されている。例えば、バックアップファイル（.bak など）、一時作業ファイル（.swp など）、圧縮ファイル（.zip、.tar.gz など）およびエディタで一般的に使用されるその他の拡張子は、必要ない限り処理しない。",✓,✓,✓,552,
V12,ファイルとリソース,V12.5,ファイルダウンロード,V12.5.2,アップロードされたファイルへの直接のリクエストが HTML/JavaScript コンテンツとして実行されない。,✓,✓,✓,434,
V12,ファイルとリソース,V12.6,SSRF からの保護,V12.6.1,Web サーバまたはアプリケーションサーバが、リクエストを送信したりデータ/ファイルをロードしたりできるように、リソースまたはシステムに許可リストが構成されている。,✓,✓,✓,918,
V13,API と Web サービス,V13.1,一般的な Web サービスセキュリティ,V13.1.1,SSRF 攻撃や RFI 攻撃で使用される可能性があるような、異なる URI またはファイルのパーサを悪用する攻撃を回避するために、すべてのアプリケーションコンポーネントが同じエンコードおよびパーサを使用する。,✓,✓,✓,116,
V13,API と Web サービス,V13.1,一般的な Web サービスセキュリティ,V13.1.2,"[削除, 4.3.1 と重複]",,,,,
V13,API と Web サービス,V13.1,一般的な Web サービスセキュリティ,V13.1.3,"API URL が API Key やセッショントークンなどの機密情報を公開していない。",✓,✓,✓,598,
V13,API と Web サービス,V13.1,一般的な Web サービスセキュリティ,V13.1.4,"認可の判定が、URI とリソースレベルの両方で行われている（URI ではコントローラまたはルータで実施するプログラム型または宣言型のセキュリティによって、リソースレベルではモデルベースの許可によって実施される）。",,✓,✓,285,
V13,API と Web サービス,V13.1,一般的な Web サービスセキュリティ,V13.1.5,予期しないまたは欠落している Content Type を含むリクエストが、適切なヘッダ（HTTP レスポンスステータス 406 Unacceptable または 415 Unsupported Media Type）でリジェクトされる。,,✓,✓,434,
V13,API と Web サービス,V13.2,RESTful Web サービス,V13.2.1,"保護された API またはリソースに対して通常ユーザが DELETE または PUT を使用するのを防ぐなど、有効化されている RESTful HTTP メソッドが、ユーザまたはアクションにとって妥当となっている。",✓,✓,✓,650,
V13,API と Web サービス,V13.2,RESTful Web サービス,V13.2.2,JSON スキーマバリデーションが設定され、入力を受け付ける前に確認されている。,✓,✓,✓,20,
V13,API と Web サービス,V13.2,RESTful Web サービス,V13.2.3,"Cookie を使用する RESTful Web サービスが、次のうち少なくとも 1 つ以上を使って、クロスサイトリクエストフォージェリから保護されている。三重または二重送信クッキーパターン、CSRF ナンス、Origin リクエストヘッダのチェック。",✓,✓,✓,352,
V13,API と Web サービス,V13.2,RESTful Web サービス,V13.2.4,"[削除, 11.1.4 と重複]",,,,,
V13,API と Web サービス,V13.2,RESTful Web サービス,V13.2.5,"受信した Content-Type が application/xml や application/json などの予期されるものであることを、REST サービスが明示的に検査している。",,✓,✓,436,
V13,API と Web サービス,V13.2,RESTful Web サービス,V13.2.6,メッセージヘッダとペイロードが信頼でき、転送中に変更されていない。機密性、完全性の保護のため、転送に強力な暗号化（TLS のみ）を要求することは、多くの場合これで十分です。メッセージごとのデジタル署名は、高度なセキュリティを必要とするアプリケーションに対して、転送保護に加えて追加の保証を提供することができますが、複雑さやリスクをもたらす可能性があります。,,✓,✓,345,
V13,API と Web サービス,V13.3,SOAP Web サービス,V13.3.1,"適切に形成された XML 文書を確保するために、XSD スキーマバリデーションに続いて、そのデータの処理が行われる前に各入力フィールドのバリデーションが実施されている。",✓,✓,✓,20,
V13,API と Web サービス,V13.3,SOAP Web サービス,V13.3.2,クライアントとサービス間の信頼できる転送を確保するために、メッセージペイロードが WS-Security を使用して署名されている。,,✓,✓,345,
V13,API と Web サービス,V13.4,GraphQL,V13.4.1,"高コストで、ネストされたクエリの結果として GraphQL またはデータレイヤエクスプレッションがサービス運用妨害（DoS）となることを防止するために、クエリ許可リストまたは、Depth 制限と量の制限の組み合わせを使用している。より高度なシナリオでは、クエリコスト分析を使用する必要があります。",,✓,✓,770,
V13,API と Web サービス,V13.4,GraphQL,V13.4.2,GraphQL または他のデータレイヤの認可ロジックが、GraphQL レイヤではなくビジネスロジックレイヤに実装されている。,,✓,✓,285,
V14,構成,V14.1,ビルドとデプロイ,V14.1.1,"アプリケーションのビルドおよびデプロイプロセスが、CI / CD の自動化、自動構成管理、自動デプロイスクリプトなどの安全で再現性のある方法で実行されている。",,✓,✓,,
V14,構成,V14.1,ビルドとデプロイ,V14.1.2,"コンパイラフラグが、スタックのランダム化、データ実行防止などの利用可能なすべてのバッファオーバーフローの保護と警告を有効にし、安全でないポインタ、メモリ、フォーマット文字列、整数、または文字列操作が見つかった場合にビルドを中断するように構成されている。",,✓,✓,120,
V14,構成,V14.1,ビルドとデプロイ,V14.1.3,使用しているアプリケーションサーバとフレームワークの推奨事項に従って、サーバ構成が強化されている。,,✓,✓,16,
V14,構成,V14.1,ビルドとデプロイ,V14.1.4,"アプリケーション、構成、およびすべての依存関係が、自動でデプロイスクリプトを使用して再度デプロイできるか、文書化およびテストされた Runbook から妥当な時間で構築できるか、またはバックアップからタイムリーに復元できる。",,✓,✓,,
V14,構成,V14.1,ビルドとデプロイ,V14.1.5,許可された管理者が、セキュリティ関連のすべての構成の整合性を検証して改ざんを検出できる。,,,✓,,
V14,構成,V14.2,依存関係,V14.2.1,"すべてのコンポーネントが最新となっている。できればビルド時またはコンパイル時にディペンデンシチェッカを使用する。 ([C2](https://owasp.org/www-project-proactive-controls/#div-numbering))",✓,✓,✓,1026,
V14,構成,V14.2,依存関係,V14.2.2,"不要な機能、ドキュメント、サンプルアプリケーション、およびコンフィギュレーションがすべて削除されている。",✓,✓,✓,1002,
V14,構成,V14.2,依存関係,V14.2.3,"JavaScript ライブラリ、CSS、Web フォントなどのアプリケーション資産がコンテンツ配信ネットワーク（Content Delivery Network, CDN）または外部プロバイダで外部的にホストされている場合、資産の整合性を検証するためにサブリソース完全性（SRI）が使用されている。",✓,✓,✓,829,
V14,構成,V14.2,依存関係,V14.2.4,"サードパーティのコンポーネントが、事前に定義され、信頼され、継続的に維持されるリポジトリからのものとなっている。 ([C2](https://owasp.org/www-project-proactive-controls/#div-numbering))",,✓,✓,829,
V14,構成,V14.2,依存関係,V14.2.5,使用しているすべてのサードパーティライブラリのソフトウェア部品表 (SBOM) が維持されている。 ([C2](https://owasp.org/www-project-proactive-controls/#div-numbering)),,✓,✓,,
V14,構成,V14.2,依存関係,V14.2.6,サードパーティのライブラリをサンドボックス化またはカプセル化して、必要な動作だけをアプリケーションに公開することで、攻撃対象領域を最小化する。 ([C2](https://owasp.org/www-project-proactive-controls/#div-numbering)),,✓,✓,265,
V14,構成,V14.3,意図しないセキュリティの開示,V14.3.1,"[削除, 7.4.1 と重複]",,,,,
V14,構成,V14.3,意図しないセキュリティの開示,V14.3.2,"Web またはアプリケーションサーバとアプリケーションフレームワークのデバッグモードが運用環境で無効になっていることを確認して、デバッグ機能、開発者コンソール、および意図しないセキュリティ開示を排除する。",✓,✓,✓,497,
V14,構成,V14.3,意図しないセキュリティの開示,V14.3.3,HTTP ヘッダまたは HTTP レスポンスの一部がシステムコンポーネントの詳細なバージョン情報を公開していない。,✓,✓,✓,200,
V14,構成,V14.4,HTTP セキュリティヘッダ,V14.4.1,"すべての HTTP レスポンスに Content-Type ヘッダが含まれている。またコンテンツタイプが text/*, /+xml および application/xml の場合には安全な文字セット (UTF-8, ISO-8859-1 など) を指定する。コンテンツは提供された Content-Type ヘッダと一致する必要がある。",✓,✓,✓,173,
V14,構成,V14.4,HTTP セキュリティヘッダ,V14.4.2,"すべての API レスポンスに Content-Disposition:attachment; filename=""api.json"" ヘッダが含まれている（または他のコンテントタイプの適切なファイル名）。",✓,✓,✓,116,
V14,構成,V14.4,HTTP セキュリティヘッダ,V14.4.3,"HTML、DOM、JSON、JavaScript インジェクションの脆弱性などの XSS 攻撃の影響を軽減するのに役立つ Content Security Policy (CSP) レスポンスヘッダが配置されている。",✓,✓,✓,1021,
V14,構成,V14.4,HTTP セキュリティヘッダ,V14.4.4,すべてのレスポンスに X-Content-Type-Options: nosniff ヘッダが含まれている。,✓,✓,✓,116,
V14,構成,V14.4,HTTP セキュリティヘッダ,V14.4.5,"Strict-Transport-Security ヘッダがすべてのレスポンスとすべてのサブドメインに含まれている。例えば、Strict-Transport-Security：max-age=15724800; includeSubdomains",✓,✓,✓,523,
V14,構成,V14.4,HTTP セキュリティヘッダ,V14.4.6,URL 内の機密情報が Referer ヘッダを介して信頼できない関係者に公開されないように、適切な Referrer-Policy ヘッダが含まれている。,✓,✓,✓,116,
V14,構成,V14.4,HTTP セキュリティヘッダ,V14.4.7,Web アプリケーションのコンテンツはデフォルトでサードパーティのサイトに埋め込むことができない、および適切な Content-Security-Policy: frame-ancestors と X-Frame-Options レスポンスヘッダを使用して必要な場所でのみ正規のリソースの埋め込みが許可されている。,✓,✓,✓,1021,
V14,構成,V14.5,HTTP リクエストヘッダのバリデーション,V14.5.1,"アプリケーションサーバが、pre-flight OPTIONS を含む、アプリケーションまたは API で使用されている HTTP メソッドのみを受け入れる。アプリケーションコンテキストに対する無効なリクエストについてログ出力やアラート発行する。",✓,✓,✓,749,
V14,構成,V14.5,HTTP リクエストヘッダのバリデーション,V14.5.2,"提供された Origin ヘッダは、攻撃者によって簡単に変更できるため、認証やアクセス制御の判断に使用されていない。",✓,✓,✓,346,
V14,構成,V14.5,HTTP リクエストヘッダのバリデーション,V14.5.3,"オリジン間リソース共有（Cross-Origin Resource Sharing, CORS）の Access-Control-Allow-Origin ヘッダが信頼できるドメインの厳密な許可リストを使用して照合し、「null」オリジンをサポートしていない。",✓,✓,✓,346,
V14,構成,V14.5,HTTP リクエストヘッダのバリデーション,V14.5.4,"信頼できるプロキシまたは bearer トークンのような SSO デバイスによって追加された HTTP ヘッダがアプリケーションによって認証されている。",,✓,✓,306,
